,Location,Period,FactValueNumeric
1,Russian Federation,2019,1003695
2,China,2019,1013621
3,India,2019,1115687
4,India,2019,1146371
5,India,2019,1450806
6,China,2019,1659677
7,China,2019,1877096
8,Zimbabwe,2019,10035
9,Morocco,2019,10054
10,New Zealand,2019,10059
11,Argentina,2019,10066
12,Niger,2019,10130
13,Burundi,2019,10159
14,Cote d'Ivoire,2019,10172
15,Latvia,2019,10189
16,Canada,2019,10194
17,Colombia,2019,10221
18,Israel,2019,10227
19,Ecuador,2019,10231
20,Sudan,2019,10246
21,Tunisia,2019,10246
22,"Bolivia, Plurinational State of",2019,10259
23,Ukraine,2019,10291
24,Poland,2019,10327
25,Norway,2019,10327
26,Sri Lanka,2019,10341
27,Cote d'Ivoire,2019,10341
28,Mongolia,2019,10369
29,"Korea, Republic of",2019,10374
30,"Bolivia, Plurinational State of",2019,10386
31,Switzerland,2019,10388
32,Lebanon,2019,10392
33,Nigeria,2019,10403
34,Angola,2019,10449
35,Cameroon,2019,10460
36,"Moldova, Republic of",2019,10490
37,"Congo, The Democratic Republic of the",2019,10498
38,Italy,2019,10593
39,"Tanzania, United Republic of",2019,10608
40,Saudi Arabia,2019,10615
41,Sri Lanka,2019,10656
42,Bosnia and Herzegovina,2019,10665
43,Dominican Republic,2019,10715
44,Libya,2019,10717
45,Tajikistan,2019,10726
46,Niger,2019,10802
47,Belarus,2019,10820
48,Morocco,2019,10851
49,Zimbabwe,2019,10876
50,Cuba,2019,10926
51,Sweden,2019,10931
52,South Africa,2019,10966
53,Tonga,2019,10.94
54,Montenegro,2019,100
55,Bhutan,2019,100.2
56,Lesotho,2019,1003
57,Uruguay,2019,1004
58,Cyprus,2019,1005
59,Barbados,2019,1005
60,Malta,2019,1007
61,Bahamas,2019,101.9
62,Greece,2019,1010
63,United Arab Emirates,2019,1014
64,Eswatini,2019,1015
65,Gabon,2019,1017
66,Montenegro,2019,102.3
67,Estonia,2019,102.3
68,Equatorial Guinea,2019,102.4
69,Timor-Leste,2019,1020
70,Dominican Republic,2019,1026
71,Jordan,2019,1027
72,Rwanda,2019,1028
73,France,2019,103426
74,Vanuatu,2019,103.5
75,Kuwait,2019,103.5
76,Eritrea,2019,1032
77,Botswana,2019,1044
78,Benin,2019,1052
79,Cuba,2019,1052
80,Indonesia,2019,106193
81,Malta,2019,106.2
82,Brunei Darussalam,2019,106.8
83,Solomon Islands,2019,1060
84,Nicaragua,2019,1064
85,Burundi,2019,1067
86,Malawi,2019,1069
87,Tunisia,2019,1073
88,Gambia,2019,1075
89,Azerbaijan,2019,1078
90,Bosnia and Herzegovina,2019,1078
91,Indonesia,2019,108660
92,Antigua and Barbuda,2019,108.5
93,Sweden,2019,1080
94,Rwanda,2019,1082
95,United Arab Emirates,2019,1089
96,Cyprus,2019,1089
97,Bangladesh,2019,109439
98,Spain,2019,109727
99,Mauritania,2019,1090
100,Iraq,2019,1098
101,Eritrea,2019,1098
102,Serbia,2019,11139
103,Albania,2019,11195
104,Rwanda,2019,11202
105,Nepal,2019,11341
106,Ethiopia,2019,11391
107,Norway,2019,11424
108,Netherlands,2019,11539
109,Switzerland,2019,11583
110,Portugal,2019,11615
111,Austria,2019,11721
112,Somalia,2019,11759
113,"Congo, The Democratic Republic of the",2019,11854
114,Kazakhstan,2019,11946
115,Nigeria,2019,11987
116,Iceland,2019,11.22
117,Antigua and Barbuda,2019,11.29
118,Sao Tome and Principe,2019,11.84
119,Poland,2019,110704
120,Belize,2019,110.5
121,Grenada,2019,110.5
122,Bahrain,2019,110.6
123,Mongolia,2019,110.8
124,Gambia,2019,1108
125,Antigua and Barbuda,2019,111.7
126,Chad,2019,1110
127,Eswatini,2019,1111
128,Trinidad and Tobago,2019,1111
129,Yemen,2019,1114
130,Guinea-Bissau,2019,1116
131,Montenegro,2019,112.8
132,Kazakhstan,2019,1120
133,Eritrea,2019,1127
134,Mexico,2019,113477
135,Pakistan,2019,113481
136,Solomon Islands,2019,113.6
137,Brunei Darussalam,2019,113.6
138,Oman,2019,1131
139,Mali,2019,1138
140,Thailand,2019,114807
141,Bhutan,2019,114.1
142,Seychelles,2019,114.1
143,Oman,2019,1143
144,Burkina Faso,2019,1146
145,Central African Republic,2019,1147
146,Finland,2019,1147
147,China,2019,115005
148,Viet Nam,2019,115762
149,Grenada,2019,115.2
150,Albania,2019,1155
151,Burkina Faso,2019,1158
152,Brazil,2019,116309
153,Barbados,2019,116.2
154,Benin,2019,1161
155,New Zealand,2019,1162
156,Greece,2019,1168
157,Egypt,2019,117063
158,Indonesia,2019,117436
159,Philippines,2019,117754
160,Spain,2019,117937
161,Djibouti,2019,117.6
162,"Micronesia, Federated States of",2019,117.7
163,Thailand,2019,118147
164,China,2019,118427
165,Albania,2019,118.5
166,Brunei Darussalam,2019,118.5
167,Ukraine,2019,1183
168,Tunisia,2019,1186
169,Luxembourg,2019,1187
170,North Macedonia,2019,1188
171,North Macedonia,2019,1188
172,Myanmar,2019,119192
173,Maldives,2019,119.1
174,Equatorial Guinea,2019,1192
175,"Bolivia, Plurinational State of",2019,12042
176,Uganda,2019,12090
177,Myanmar,2019,12134
178,Greece,2019,12145
179,Israel,2019,12152
180,Sweden,2019,12153
181,Cambodia,2019,12160
182,Italy,2019,12226
183,Germany,2019,12258
184,Tajikistan,2019,12380
185,Dominican Republic,2019,12382
186,Croatia,2019,12416
187,Lao People's Democratic Republic,2019,12527
188,Peru,2019,12597
189,Australia,2019,12607
190,Uganda,2019,12638
191,Peru,2019,12656
192,"Venezuela, Bolivarian Republic of",2019,12676
193,Myanmar,2019,12676
194,Turkey,2019,12724
195,Egypt,2019,12753
196,Denmark,2019,12779
197,Madagascar,2019,12805
198,Czechia,2019,12808
199,Finland,2019,12824
200,"Moldova, Republic of",2019,12857
201,Egypt,2019,12863
202,Belgium,2019,12892
203,France,2019,12957
204,Grenada,2019,12.01
205,Seychelles,2019,12.25
206,Seychelles,2019,120.3
207,Senegal,2019,1201
208,Rwanda,2019,1201
209,Trinidad and Tobago,2019,1202
210,Israel,2019,1202
211,Kyrgyzstan,2019,1202
212,Namibia,2019,1206
213,Mauritius,2019,1208
214,Tonga,2019,121.1
215,Romania,2019,1210
216,Zambia,2019,1214
217,New Zealand,2019,1216
218,Paraguay,2019,1219
219,Turkey,2019,122270
220,Gabon,2019,1226
221,Jordan,2019,1227
222,Zambia,2019,1232
223,Libya,2019,1234
224,Burundi,2019,1239
225,Pakistan,2019,124328
226,Sweden,2019,1242
227,Congo,2019,1243
228,Benin,2019,1244
229,Lebanon,2019,1247
230,Barbados,2019,125.5
231,Morocco,2019,126562
232,Germany,2019,126683
233,Suriname,2019,126.5
234,Senegal,2019,1260
235,Bosnia and Herzegovina,2019,1262
236,United Arab Emirates,2019,1265
237,Montenegro,2019,1266
238,Senegal,2019,1267
239,Italy,2019,128553
240,Bhutan,2019,1284
241,Luxembourg,2019,1286
242,Bangladesh,2019,129099
243,United States,2019,129727
244,Brazil,2019,129735
245,Japan,2019,129928
246,Trinidad and Tobago,2019,129.4
247,Chad,2019,1291
248,Malawi,2019,1293
249,El Salvador,2019,1293
250,Guatemala,2019,1293
251,Guinea,2019,1294
252,Syrian Arab Republic,2019,1294
253,Guatemala,2019,1296
254,Haiti,2019,13019
255,Armenia,2019,13090
256,Cameroon,2019,13092
257,Malaysia,2019,13197
258,Chile,2019,13210
259,Nigeria,2019,13219
260,Uganda,2019,13272
261,"Korea, Democratic People's Republic of ",2019,13295
262,"Venezuela, Bolivarian Republic of",2019,13322
263,Angola,2019,13337
264,Cambodia,2019,13410
265,Malawi,2019,13442
266,Thailand,2019,13477
267,Cambodia,2019,13696
268,Syrian Arab Republic,2019,13742
269,Kenya,2019,13754
270,Algeria,2019,13774
271,Croatia,2019,13774
272,Nigeria,2019,13853
273,Benin,2019,13892
274,Malawi,2019,13967
275,Kyrgyzstan,2019,13974
276,Egypt,2019,13981
277,Indonesia,2019,130220
278,Lao People's Democratic Republic,2019,1300
279,El Salvador,2019,1300
280,Lesotho,2019,1306
281,Benin,2019,1308
282,Germany,2019,131080
283,Honduras,2019,1311
284,Israel,2019,1311
285,Mauritius,2019,1311
286,Croatia,2019,1311
287,United Arab Emirates,2019,1312
288,Mauritius,2019,1313
289,Chad,2019,1315
290,Philippines,2019,132245
291,Viet Nam,2019,132806
292,Samoa,2019,132.2
293,Rwanda,2019,1324
294,Ireland,2019,1328
295,Kiribati,2019,133.9
296,Azerbaijan,2019,1339
297,Antigua and Barbuda,2019,134.9
298,Hungary,2019,1341
299,Sierra Leone,2019,1344
300,El Salvador,2019,1348
301,Egypt,2019,135587
302,Kuwait,2019,135.8
303,Central African Republic,2019,1351
304,Lebanon,2019,1352
305,Malta,2019,1353
306,Syrian Arab Republic,2019,1355
307,United States,2019,136298
308,Mauritania,2019,1360
309,Austria,2019,1361
310,Azerbaijan,2019,1361
311,Tunisia,2019,1364
312,Paraguay,2019,1365
313,Slovakia,2019,1366
314,Somalia,2019,1368
315,Jamaica,2019,1368
316,Latvia,2019,137.4
317,Panama,2019,1378
318,Belize,2019,138.8
319,Zimbabwe,2019,1381
320,Ghana,2019,1385
321,Liberia,2019,1387
322,Malta,2019,139.1
323,Fiji,2019,139.8
324,Belgium,2019,14019
325,Chile,2019,14069
326,Cameroon,2019,14097
327,Senegal,2019,14108
328,Bangladesh,2019,14133
329,Dominican Republic,2019,14144
330,Russian Federation,2019,14151
331,Guinea,2019,14397
332,Chile,2019,14408
333,Russian Federation,2019,14424
334,Angola,2019,14463
335,Lithuania,2019,14528
336,Morocco,2019,14552
337,Sweden,2019,14609
338,Ecuador,2019,14640
339,Chad,2019,14667
340,Hungary,2019,14689
341,Chile,2019,14748
342,Papua New Guinea,2019,14802
343,Turkey,2019,14821
344,Austria,2019,14826
345,"Korea, Democratic People's Republic of ",2019,14828
346,Serbia,2019,14882
347,Portugal,2019,14918
348,Sri Lanka,2019,14950
349,"Venezuela, Bolivarian Republic of",2019,14969
350,Sao Tome and Principe,2019,14.31
351,Jamaica,2019,140
352,Cabo Verde,2019,140.2
353,Comoros,2019,140.9
354,Guyana,2019,1400
355,Panama,2019,1407
356,Gabon,2019,1408
357,Gabon,2019,141.1
358,Switzerland,2019,1412
359,Lesotho,2019,1414
360,Netherlands,2019,1415
361,Congo,2019,1417
362,Georgia,2019,1418
363,Trinidad and Tobago,2019,1419
364,Zimbabwe,2019,1426
365,Botswana,2019,1428
366,Eswatini,2019,143.9
367,Guinea,2019,1436
368,Bangladesh,2019,144240
369,Romania,2019,144486
370,Comoros,2019,144.7
371,Mauritius,2019,1440
372,Costa Rica,2019,1442
373,Netherlands,2019,1443
374,Uruguay,2019,1445
375,Austria,2019,1447
376,Timor-Leste,2019,145
377,Russian Federation,2019,145652
378,United Kingdom,2019,145840
379,Sao Tome and Principe,2019,145.5
380,Luxembourg,2019,145.5
381,Vanuatu,2019,145.6
382,Bahrain,2019,1450
383,Syrian Arab Republic,2019,1450
384,Israel,2019,1452
385,Cote d'Ivoire,2019,1459
386,United Arab Emirates,2019,1459
387,Nigeria,2019,146627
388,Togo,2019,1464
389,Saint Lucia,2019,147.2
390,Nicaragua,2019,1473
391,Tunisia,2019,1474
392,Burkina Faso,2019,1479
393,France,2019,148624
394,Iceland,2019,148.6
395,United Arab Emirates,2019,1484
396,Qatar,2019,1487
397,Ukraine,2019,1488
398,Belarus,2019,1489
399,Iraq,2019,1489
400,Oman,2019,149.1
401,Djibouti,2019,149.5
402,Cuba,2019,1490
403,Sierra Leone,2019,1498
404,Iraq,2019,15004
405,Sweden,2019,15105
406,Malaysia,2019,15149
407,Cuba,2019,15249
408,Mali,2019,15257
409,Japan,2019,15305
410,South Africa,2019,15327
411,Ghana,2019,15364
412,"Congo, The Democratic Republic of the",2019,15410
413,"Iran, Islamic Republic of",2019,15416
414,Myanmar,2019,15428
415,North Macedonia,2019,15472
416,Slovakia,2019,15486
417,Afghanistan,2019,15565
418,Honduras,2019,15760
419,Cote d'Ivoire,2019,15761
420,"Tanzania, United Republic of",2019,15865
421,Thailand,2019,15913
422,turkey,2019,15923
423,Turkey,2019,15.12
424,Antigua and Barbuda,2019,15.83
425,"Micronesia, Federated States of",2019,150.2
426,Albania,2019,150.7
427,Bosnia and Herzegovina,2019,1504
428,Fiji,2019,1506
429,Romania,2019,1509
430,Maldives,2019,151.1
431,"Micronesia, Federated States of",2019,151.3
432,Estonia,2019,151.8
433,Yemen,2019,1512
434,Sierra Leone,2019,1518
435,Albania,2019,1519
436,Singapore,2019,152.8
437,Suriname,2019,1524
438,Togo,2019,1529
439,Zimbabwe,2019,1530
440,Denmark,2019,1531
441,Ecuador,2019,1535
442,Togo,2019,1536
443,Uzbekistan,2019,1537
444,Croatia,2019,1539
445,Viet Nam,2019,154421
446,Tonga,2019,154.8
447,Turkey,2019,155474
448,Lao People's Democratic Republic,2019,1550
449,Niger,2019,1552
450,Norway,2019,1553
451,Guyana,2019,1557
452,Mongolia,2019,156.9
453,South Sudan,2019,1563
454,Libya,2019,1564
455,"Iran, Islamic Republic of",2019,157018
456,Trinidad and Tobago,2019,1571
457,Israel,2019,1579
458,Germany,2019,158252
459,Azerbaijan,2019,1581
460,Ireland,2019,1586
461,Panama,2019,1587
462,Uruguay,2019,1588
463,Grenada,2019,159.1
464,Vanuatu,2019,159.3
465,Luxembourg,2019,159.5
466,Chad,2019,1599
467,Czechia,2019,16045
468,Nepal,2019,16153
469,Turkmenistan,2019,16259
470,Sri Lanka,2019,16260
471,Belgium,2019,16260
472,Nepal,2019,16366
473,Denmark,2019,16374
474,Guatemala,2019,16466
475,Ghana,2019,16511
476,Georgia,2019,16537
477,Tunisia,2019,16572
478,Algeria,2019,16574
479,Uzbekistan,2019,16652
480,Zambia,2019,16669
481,Slovakia,2019,16823
482,Belgium,2019,16829
483,Latvia,2019,16927
484,Hungary,2019,16965
485,Saint Vincent and the Grenadines,2019,160
486,India,2019,160838
487,Cyprus,2019,1600
488,Bulgaria,2019,1618
489,Equatorial Guinea,2019,162
490,Gambia,2019,162.6
491,Namibia,2019,1626
492,Paraguay,2019,1629
493,Guinea-Bissau,2019,163.6
494,Honduras,2019,1630
495,South Sudan,2019,1631
496,Japan,2019,164567
497,United Kingdom,2019,165704
498,Belgium,2019,1654
499,Burundi,2019,1655
500,Saint Lucia,2019,166.4
501,Vanuatu,2019,166.6
502,Comoros,2019,166.6
503,Saint Vincent and the Grenadines,2019,166.7
504,Mauritius,2019,1660
505,Malawi,2019,1662
506,Cambodia,2019,1665
507,Kazakhstan,2019,1674
508,Costa Rica,2019,1679
509,Russian Federation,2019,168039
510,Ukraine,2019,168101
511,Hungary,2019,1684
512,Mali,2019,1690
513,Norway,2019,1699
514,Viet Nam,2019,17086
515,Mozambique,2019,17099
516,Poland,2019,17137
517,Ethiopia,2019,17199
518,Bulgaria,2019,17211
519,France,2019,17241
520,Tunisia,2019,17334
521,Zimbabwe,2019,17335
522,Ethiopia,2019,17380
523,Thailand,2019,17415
524,Portugal,2019,17415
525,Lebanon,2019,17544
526,Netherlands,2019,17557
527,Georgia,2019,17701
528,Portugal,2019,17711
529,Argentina,2019,17727
530,"Korea, Republic of",2019,17752
531,Viet Nam,2019,17840
532,"Korea, Democratic People's Republic of ",2019,17875
533,Sudan,2019,17892
534,"Iran, Islamic Republic of",2019,17947
535,Kenya,2019,17963
536,"Congo, The Democratic Republic of the",2019,17965
537,Seychelles,2019,17.26
538,Saint Lucia,2019,17.4
539,Kyrgyzstan,2019,170.1
540,Kiribati,2019,170.7
541,Timor-Leste,2019,170.7
542,Solomon Islands,2019,170.7
543,Dominican Republic,2019,1700
544,Zambia,2019,1702
545,Guinea,2019,1704
546,United Arab Emirates,2019,1707
547,Seychelles,2019,171.7
548,Grenada,2019,171.8
549,Namibia,2019,1711
550,Dominican Republic,2019,1711
551,Haiti,2019,1719
552,Japan,2019,172539
553,Italy,2019,172725
554,Poland,2019,172834
555,Singapore,2019,172.6
556,Djibouti,2019,1730
557,Mongolia,2019,1734
558,Kiribati,2019,174.1
559,Guyana,2019,174.1
560,Saint Vincent and the Grenadines,2019,174.4
561,Gambia,2019,174.9
562,Tajikistan,2019,1740
563,Tajikistan,2019,1743
564,Belize,2019,175
565,Solomon Islands,2019,175.7
566,Oman,2019,1750
567,Somalia,2019,1750
568,Mali,2019,1759
569,Fiji,2019,1760
570,Eritrea,2019,1761
571,Haiti,2019,1762
572,Liberia,2019,1764
573,Uzbekistan,2019,1766
574,Solomon Islands,2019,177.1
575,Barbados,2019,177.1
576,Samoa,2019,177.4
577,Guinea-Bissau,2019,177.7
578,Tajikistan,2019,1786
579,Central African Republic,2019,1787
580,Brazil,2019,179161
581,Estonia,2019,1795
582,Niger,2019,1796
583,Panama,2019,1797
584,Kenya,2019,18030
585,Haiti,2019,18049
586,Peru,2019,18092
587,France,2019,18179
588,Sri Lanka,2019,18223
589,Austria,2019,18249
590,Peru,2019,18263
591,Bangladesh,2019,18290
592,Ghana,2019,18559
593,Nepal,2019,18638
594,Greece,2019,18747
595,Switzerland,2019,18768
596,Argentina,2019,18806
597,Mexico,2019,18834
598,Belarus,2019,18858
599,Netherlands,2019,18884
600,Finland,2019,18900
601,Maldives,2019,180
602,Solomon Islands,2019,181
603,Burkina Faso,2019,1813
604,Kuwait,2019,1815
605,France,2019,182100
606,Turkmenistan,2019,182.4
607,Senegal,2019,1822
608,Papua New Guinea,2019,1823
609,Switzerland,2019,1823
610,Finland,2019,1829
611,Gabon,2019,183.2
612,Belize,2019,183.8
613,Nicaragua,2019,1833
614,Solomon Islands,2019,1835
615,Slovenia,2019,184.7
616,Serbia,2019,1853
617,Lesotho,2019,1869
618,Mexico,2019,187960
619,Singapore,2019,187.4
620,Bahrain,2019,187.6
621,Suriname,2019,187.9
622,Central African Republic,2019,1872
623,Portugal,2019,1873
624,India,2019,188678
625,El Salvador,2019,1885
626,Togo,2019,1888
627,Dominican Republic,2019,1889
628,Mauritania,2019,1889
629,Guinea,2019,1892
630,Burkina Faso,2019,19018
631,Nepal,2019,19040
632,Sri Lanka,2019,19045
633,"Korea, Democratic People's Republic of ",2019,19068
634,South Africa,2019,19075
635,"Tanzania, United Republic of",2019,19133
636,Cuba,2019,19170
637,Syrian Arab Republic,2019,19188
638,Kenya,2019,19274
639,Morocco,2019,19293
640,Spain,2019,19316
641,Albania,2019,19483
642,South Africa,2019,19525
643,Madagascar,2019,19590
644,Ecuador,2019,19608
645,Sri Lanka,2019,19622
646,Bosnia and Herzegovina,2019,19651
647,Philippines,2019,19677
648,Mexico,2019,19844
649,Syrian Arab Republic,2019,19849
650,Canada,2019,19987
651,Saint Vincent and the Grenadines,2019,19.27
652,Belize,2019,19.66
653,Bahamas,2019,19.81
654,"Moldova, Republic of",2019,190.2
655,Brunei Darussalam,2019,190.4
656,Solomon Islands,2019,190.7
657,Sierra Leone,2019,1903
658,Angola,2019,1905
659,Georgia,2019,1916
660,Cameroon,2019,1917
661,Mauritius,2019,1921
662,Trinidad and Tobago,2019,193.9
663,Cambodia,2019,1933
664,Paraguay,2019,1934
665,Bahamas,2019,194.1
666,Gambia,2019,194.2
667,Malta,2019,194.9
668,Ecuador,2019,1942
669,Cyprus,2019,195.1
670,Djibouti,2019,195.5
671,North Macedonia,2019,1952
672,Madagascar,2019,1959
673,Suriname,2019,196
674,Equatorial Guinea,2019,196.3
675,Madagascar,2019,1963
676,Botswana,2019,1972
677,Bahamas,2019,198.6
678,Cyprus,2019,198.8
679,Japan,2019,199189
680,Djibouti,2019,199.8
681,Honduras,2019,1990
682,Timor-Leste,2019,1991
683,Libya,2019,1993
684,China,2019,2429441
685,India,2019,2566492
686,China,2019,2574690
687,Ethiopia,2019,20100
688,Colombia,2019,20158
689,Somalia,2019,20301
690,Greece,2019,20372
691,"Tanzania, United Republic of",2019,20395
692,Australia,2019,20690
693,Russian Federation,2019,20770
694,Madagascar,2019,20875
695,"Congo, The Democratic Republic of the",2019,20892
696,Niger,2019,20932
697,Australia,2019,20993
698,Seychelles,2019,20.55
699,Guinea-Bissau,2019,200.2
700,Nicaragua,2019,2006
701,Kyrgyzstan,2019,201
702,Equatorial Guinea,2019,201.3
703,Gambia,2019,201.7
704,Angola,2019,2019
705,Brazil,2019,202267
706,Latvia,2019,202.4
707,Mongolia,2019,202.9
708,Switzerland,2019,2027
709,Belarus,2019,203.2
710,Haiti,2019,2032
711,Mali,2019,2037
712,Pakistan,2019,204770
713,Turkmenistan,2019,204.5
714,Slovenia,2019,205.1
715,Eswatini,2019,2056
716,Nicaragua,2019,2059
717,Djibouti,2019,206.2
718,Tajikistan,2019,2061
719,Nicaragua,2019,2063
720,Czechia,2019,2064
721,Grenada,2019,207
722,Trinidad and Tobago,2019,2073
723,Estonia,2019,2074
724,Turkmenistan,2019,2084
725,Cyprus,2019,2094
726,Sudan,2019,2096
727,"Korea, Democratic People's Republic of ",2019,2098
728,Australia,2019,21228
729,Switzerland,2019,21318
730,Netherlands,2019,21382
731,Cuba,2019,21387
732,Mozambique,2019,21422
733,Egypt,2019,21464
734,Myanmar,2019,21535
735,Uganda,2019,21595
736,Italy,2019,21627
737,Austria,2019,21703
738,Romania,2019,21716
739,Kazakhstan,2019,21876
740,Greece,2019,21900
741,Estonia,2019,210.3
742,Czechia,2019,2102
743,Uganda,2019,2102
744,United Arab Emirates,2019,2103
745,Somalia,2019,2107
746,Botswana,2019,2108
747,Bahamas,2019,211.6
748,Kyrgyzstan,2019,2112
749,Guinea-Bissau,2019,2114
750,Mauritania,2019,213.1
751,Lithuania,2019,213.4
752,Saudi Arabia,2019,2134
753,Turkmenistan,2019,2135
754,Nepal,2019,2136
755,Ukraine,2019,214401
756,Bhutan,2019,214.3
757,Jamaica,2019,2142
758,Niger,2019,2146
759,Montenegro,2019,215.1
760,Saint Lucia,2019,215.2
761,Eswatini,2019,215.6
762,Liberia,2019,215.7
763,Zambia,2019,2154
764,Malawi,2019,2164
765,Honduras,2019,2173
766,Greece,2019,2178
767,Gambia,2019,2183
768,Chile,2019,2183
769,United Arab Emirates,2019,219.4
770,El Salvador,2019,2190
771,Cote d'Ivoire,2019,2197
772,Saudi Arabia,2019,22058
773,Germany,2019,22064
774,Croatia,2019,22106
775,United Kingdom,2019,22139
776,"Venezuela, Bolivarian Republic of",2019,22147
777,Germany,2019,22227
778,"Congo, The Democratic Republic of the",2019,22352
779,Nigeria,2019,22391
780,"Bolivia, Plurinational State of",2019,22428
781,Colombia,2019,22441
782,Czechia,2019,22584
783,Nepal,2019,22801
784,Italy,2019,22818
785,Antigua and Barbuda,2019,220.2
786,"Micronesia, Federated States of",2019,220.4
787,Mozambique,2019,2201
788,Guinea-Bissau,2019,221.3
789,Bhutan,2019,221.4
790,Ireland,2019,221.4
791,Samoa,2019,221.6
792,Rwanda,2019,2229
793,Indonesia,2019,223628
794,Kiribati,2019,223.8
795,Mauritania,2019,2242
796,Syrian Arab Republic,2019,2247
797,Brunei Darussalam,2019,225.3
798,Jordan,2019,2253
799,Nepal,2019,2256
800,Australia,2019,2261
801,Italy,2019,227356
802,Austria,2019,2270
803,Kyrgyzstan,2019,2278
804,Lao People's Democratic Republic,2019,2279
805,Armenia,2019,2279
806,Germany,2019,228811
807,Chile,2019,2281
808,Serbia,2019,2283
809,Croatia,2019,2289
810,Benin,2019,2296
811,Montenegro,2019,2299
812,Colombia,2019,23025
813,Sweden,2019,23084
814,Tajikistan,2019,23106
815,"Moldova, Republic of",2019,23347
816,Philippines,2019,23815
817,Turkey,2019,23888
818,Bangladesh,2019,23892
819,Lithuania,2019,23965
820,Malta,2019,230.5
821,Comoros,2019,230.6
822,Burkina Faso,2019,2305
823,Burundi,2019,2306
824,Lesotho,2019,2309
825,Samoa,2019,231
826,Japan,2019,231156
827,Kuwait,2019,231.5
828,Czechia,2019,2314
829,Niger,2019,2323
830,Sweden,2019,2323
831,China,2019,233432
832,Cabo Verde,2019,233.5
833,Saint Lucia,2019,233.8
834,Montenegro,2019,2333
835,Chad,2019,2336
836,Seychelles,2019,234.5
837,Angola,2019,2345
838,Qatar,2019,235.1
839,Jamaica,2019,2358
840,Uganda,2019,2359
841,Croatia,2019,2363
842,New Zealand,2019,2379
843,Costa Rica,2019,2380
844,Liberia,2019,2385
845,Serbia,2019,2389
846,Sao Tome and Principe,2019,239.5
847,Maldives,2019,239.8
848,Paraguay,2019,2395
849,Belarus,2019,2397
850,Mozambique,2019,24014
851,Thailand,2019,24182
852,Spain,2019,24236
853,Italy,2019,24525
854,United Kingdom,2019,24627
855,"Iran, Islamic Republic of",2019,24676
856,Myanmar,2019,24810
857,"Venezuela, Bolivarian Republic of",2019,24887
858,Iceland,2019,24.41
859,Oman,2019,240.1
860,"Tanzania, United Republic of",2019,2400
861,Chad,2019,2401
862,Zimbabwe,2019,2404
863,Rwanda,2019,2407
864,Belize,2019,241.1
865,Azerbaijan,2019,2417
866,Brunei Darussalam,2019,242.2
867,Mongolia,2019,2426
868,Jamaica,2019,2429
869,Equatorial Guinea,2019,244.1
870,Timor-Leste,2019,244.6
871,Cameroon,2019,2442
872,Pakistan,2019,245135
873,Timor-Leste,2019,245.4
874,Fiji,2019,245.7
875,Brazil,2019,246044
876,Finland,2019,246.1
877,Senegal,2019,2460
878,Cambodia,2019,2467
879,Benin,2019,2469
880,Austria,2019,2476
881,Fiji,2019,2479
882,Estonia,2019,248.1
883,Qatar,2019,248.2
884,Liberia,2019,2483
885,Philippines,2019,249999
886,Belize,2019,249.3
887,Russian Federation,2019,25051
888,Myanmar,2019,25088
889,Philippines,2019,25150
890,Azerbaijan,2019,25230
891,Peru,2019,25253
892,Czechia,2019,25363
893,Yemen,2019,25585
894,Netherlands,2019,25762
895,Uganda,2019,25911
896,Cote d'Ivoire,2019,25933
897,Myanmar,2019,25954
898,"Venezuela, Bolivarian Republic of",2019,25999
899,Seychelles,2019,25.61
900,Tonga,2019,25.83
901,Sudan,2019,2502
902,Denmark,2019,2509
903,Israel,2019,2513
904,Mauritius,2019,2518
905,Egypt,2019,252650
906,Portugal,2019,2522
907,Bulgaria,2019,2522
908,Lao People's Democratic Republic,2019,2534
909,Cuba,2019,2542
910,Tunisia,2019,2547
911,Tunisia,2019,2550
912,Yemen,2019,2563
913,Lao People's Democratic Republic,2019,2564
914,El Salvador,2019,2568
915,Sweden,2019,2581
916,Bosnia and Herzegovina,2019,2582
917,"Bolivia, Plurinational State of",2019,2586
918,Iraq,2019,2587
919,Guatemala,2019,2589
920,Mauritania,2019,259.1
921,Belarus,2019,259.1
922,Serbia,2019,26020
923,Azerbaijan,2019,26052
924,Cuba,2019,26175
925,"Tanzania, United Republic of",2019,26473
926,Malaysia,2019,26497
927,Dominican Republic,2019,26526
928,Egypt,2019,26844
929,Australia,2019,26927
930,Sao Tome and Principe,2019,26.15
931,Jamaica,2019,2604
932,Timor-Leste,2019,261.6
933,Afghanistan,2019,2612
934,Panama,2019,2616
935,Yemen,2019,2627
936,Gabon,2019,2634
937,El Salvador,2019,2641
938,Mauritania,2019,265.3
939,United States,2019,266025
940,"Tanzania, United Republic of",2019,2666
941,Mongolia,2019,267.6
942,Lithuania,2019,267.8
943,Ukraine,2019,2671
944,Equatorial Guinea,2019,268.3
945,Albania,2019,269.2
946,Guinea,2019,2699
947,Yemen,2019,27059
948,Nigeria,2019,27072
949,Cambodia,2019,27106
950,Cameroon,2019,27189
951,Viet Nam,2019,27230
952,Hungary,2019,27276
953,Serbia,2019,27341
954,Kazakhstan,2019,27528
955,Angola,2019,27801
956,Chile,2019,27958
957,Antigua and Barbuda,2019,27.11
958,Grenada,2019,27.13
959,Antigua and Barbuda,2019,27.65
960,Congo,2019,2707
961,Georgia,2019,2707
962,Cabo Verde,2019,271.3
963,Australia,2019,2717
964,Romania,2019,2719
965,Brunei Darussalam,2019,272.6
966,South Sudan,2019,2724
967,Denmark,2019,2728
968,Cambodia,2019,2729
969,Bangladesh,2019,273338
970,Guyana,2019,273.2
971,Guinea,2019,2731
972,Malawi,2019,2731
973,Burundi,2019,2733
974,Gabon,2019,274
975,Timor-Leste,2019,274.4
976,"Bolivia, Plurinational State of",2019,2747
977,"Bolivia, Plurinational State of",2019,2747
978,Jamaica,2019,2751
979,Saint Lucia,2019,276
980,Costa Rica,2019,2762
981,Costa Rica,2019,2766
982,Jordan,2019,277.9
983,Trinidad and Tobago,2019,2773
984,Somalia,2019,2779
985,Bhutan,2019,278.2
986,Mongolia,2019,279.7
987,Kazakhstan,2019,2794
988,Viet Nam,2019,28107
989,"Korea, Democratic People's Republic of ",2019,28123
990,South Africa,2019,28315
991,Malaysia,2019,28346
992,Chile,2019,28477
993,South Africa,2019,28530
994,Turkey,2019,28647
995,Czechia,2019,28853
996,"Micronesia, Federated States of",2019,28.75
997,Saint Vincent and the Grenadines,2019,28.85
998,Gambia,2019,280.5
999,Syrian Arab Republic,2019,2806
1000,Zimbabwe,2019,2807
1001,Austria,2019,2808
1002,Saudi Arabia,2019,2809
1003,Jordan,2019,2815
1004,Zambia,2019,2816
1005,Slovenia,2019,2816
1006,Armenia,2019,2826
1007,"Moldova, Republic of",2019,2826
1008,Benin,2019,2836
1009,Germany,2019,284935
1010,"Moldova, Republic of",2019,284.3
1011,Latvia,2019,2846
1012,Malaysia,2019,2849
1013,Kuwait,2019,2855
1014,Netherlands,2019,2858
1015,Ghana,2019,2864
1016,Viet Nam,2019,287227
1017,Cyprus,2019,287.4
1018,Algeria,2019,2883
1019,Namibia,2019,289.1
1020,Cuba,2019,2892
1021,Saudi Arabia,2019,2892
1022,Cote d'Ivoire,2019,2894
1023,Mali,2019,2897
1024,Portugal,2019,29030
1025,Nigeria,2019,29038
1026,Belgium,2019,29153
1027,Iraq,2019,29609
1028,Sweden,2019,29714
1029,"Korea, Republic of",2019,29888
1030,Seychelles,2019,29.51
1031,Qatar,2019,291.1
1032,Chad,2019,2914
1033,Ireland,2019,2914
1034,North Macedonia,2019,2917
1035,Fiji,2019,292.5
1036,Guinea-Bissau,2019,292.9
1037,United States,2019,293663
1038,Barbados,2019,293.3
1039,Canada,2019,2930
1040,Zambia,2019,2935
1041,Yemen,2019,2937
1042,Suriname,2019,294.1
1043,Azerbaijan,2019,2942
1044,Honduras,2019,2948
1045,Maldives,2019,295.9
1046,Ecuador,2019,2957
1047,Guyana,2019,2957
1048,Czechia,2019,2957
1049,Kenya,2019,2960
1050,Eswatini,2019,298.2
1051,Lesotho,2019,2982
1052,Paraguay,2019,2993
1053,Saint Vincent and the Grenadines,2019,30
1054,Romania,2019,30011
1055,Algeria,2019,30349
1056,Belgium,2019,30847
1057,Thailand,2019,30892
1058,Greece,2019,30892
1059,Sweden,2019,3003
1060,Peru,2019,3004
1061,Djibouti,2019,301.9
1062,Senegal,2019,3011
1063,Peru,2019,3017
1064,Iceland,2019,302.6
1065,Hungary,2019,3025
1066,Papua New Guinea,2019,3029
1067,Bahrain,2019,303.2
1068,Israel,2019,3032
1069,Benin,2019,3033
1070,Uruguay,2019,3033
1071,Peru,2019,3038
1072,Solomon Islands,2019,304.3
1073,Luxembourg,2019,304.9
1074,Paraguay,2019,3040
1075,Uganda,2019,3043
1076,Estonia,2019,3047
1077,Sudan,2019,3053
1078,Eritrea,2019,3074
1079,Cote d'Ivoire,2019,3075
1080,Armenia,2019,308.7
1081,Botswana,2019,308.8
1082,Eritrea,2019,3087
1083,Senegal,2019,3089
1084,Haiti,2019,31068
1085,Hungary,2019,31654
1086,Argentina,2019,31759
1087,Germany,2019,31833
1088,Philippines,2019,31845
1089,Serbia,2019,31965
1090,Somalia,2019,3109
1091,Latvia,2019,311.1
1092,Algeria,2019,3115
1093,Guyana,2019,312.3
1094,Bhutan,2019,312.4
1095,Estonia,2019,312.6
1096,Russian Federation,2019,313691
1097,Liberia,2019,313.2
1098,Guyana,2019,313.2
1099,Albania,2019,3130
1100,Madagascar,2019,3142
1101,Honduras,2019,3150
1102,Norway,2019,316.5
1103,"Moldova, Republic of",2019,316.8
1104,Colombia,2019,3177
1105,Niger,2019,3178
1106,Bhutan,2019,318.1
1107,Ireland,2019,318.3
1108,Papua New Guinea,2019,3199
1109,Bangladesh,2019,32423
1110,Portugal,2019,32630
1111,Ethiopia,2019,32642
1112,Kazakhstan,2019,32764
1113,Philippines,2019,32951
1114,Belarus,2019,32970
1115,Kuwait,2019,32.29
1116,Montenegro,2019,32.72
1117,Bahamas,2019,32.87
1118,Panama,2019,3204
1119,Kuwait,2019,321.4
1120,Slovenia,2019,3210
1121,"Venezuela, Bolivarian Republic of",2019,3213
1122,United States,2019,323989
1123,Finland,2019,323.6
1124,Mozambique,2019,3231
1125,Latvia,2019,3233
1126,Angola,2019,3238
1127,Gabon,2019,324.3
1128,"Korea, Democratic People's Republic of ",2019,3243
1129,Sierra Leone,2019,3246
1130,Singapore,2019,325.4
1131,Norway,2019,3252
1132,Guinea,2019,3258
1133,Liberia,2019,326
1134,Saint Vincent and the Grenadines,2019,326.7
1135,Jordan,2019,3260
1136,Serbia,2019,3265
1137,Singapore,2019,3270
1138,Iceland,2019,328.7
1139,Burkina Faso,2019,3292
1140,Costa Rica,2019,3295
1141,Oman,2019,3296
1142,Kenya,2019,33028
1143,Austria,2019,33074
1144,Bulgaria,2019,33194
1145,Brazil,2019,33212
1146,Iraq,2019,33304
1147,Afghanistan,2019,33793
1148,Morocco,2019,33845
1149,Tunisia,2019,33906
1150,Canada,2019,33972
1151,Sao Tome and Principe,2019,33.09
1152,Grenada,2019,330.9
1153,Uzbekistan,2019,3303
1154,Hungary,2019,3303
1155,Nicaragua,2019,3307
1156,Vanuatu,2019,331.2
1157,Rwanda,2019,3315
1158,Kuwait,2019,3315
1159,Lao People's Democratic Republic,2019,3332
1160,Namibia,2019,3337
1161,Mozambique,2019,3342
1162,Ecuador,2019,3347
1163,Niger,2019,3348
1164,Bahrain,2019,335.6
1165,Togo,2019,3352
1166,Bahrain,2019,336.4
1167,Iceland,2019,337.1
1168,Uganda,2019,3374
1169,Panama,2019,3383
1170,Bosnia and Herzegovina,2019,3395
1171,"Korea, Republic of",2019,34147
1172,Georgia,2019,34238
1173,Argentina,2019,34320
1174,Bangladesh,2019,34389
1175,South Africa,2019,34401
1176,"Korea, Republic of",2019,34463
1177,Hungary,2019,34820
1178,Pakistan,2019,34865
1179,"Micronesia, Federated States of",2019,34.06
1180,Sao Tome and Principe,2019,34.41
1181,Qatar,2019,34.89
1182,Indonesia,2019,341674
1183,Dominican Republic,2019,3411
1184,Cuba,2019,3415
1185,Djibouti,2019,345
1186,"Venezuela, Bolivarian Republic of",2019,3453
1187,Kenya,2019,3455
1188,Chad,2019,3456
1189,Malaysia,2019,3462
1190,Somalia,2019,3475
1191,Ecuador,2019,3477
1192,Singapore,2019,3479
1193,Cyprus,2019,348.5
1194,Cameroon,2019,3487
1195,India,2019,349516
1196,Nepal,2019,35004
1197,Ghana,2019,35070
1198,France,2019,35420
1199,Bulgaria,2019,35690
1200,Sri Lanka,2019,35882
1201,Kenya,2019,35994
1202,Iceland,2019,35.63
1203,Solomon Islands,2019,351.6
1204,Burkina Faso,2019,3513
1205,United Kingdom,2019,3515
1206,Suriname,2019,352.1
1207,Solomon Islands,2019,352.9
1208,Uzbekistan,2019,3532
1209,Indonesia,2019,354912
1210,South Sudan,2019,3551
1211,Libya,2019,3557
1212,"Tanzania, United Republic of",2019,3563
1213,Romania,2019,3576
1214,Equatorial Guinea,2019,358.3
1215,Mauritius,2019,3581
1216,Papua New Guinea,2019,3588
1217,Philippines,2019,36060
1218,Canada,2019,36230
1219,Peru,2019,36355
1220,"Iran, Islamic Republic of",2019,36388
1221,Netherlands,2019,36441
1222,Argentina,2019,36533
1223,Colombia,2019,36576
1224,"Korea, Democratic People's Republic of ",2019,36943
1225,Myanmar,2019,36963
1226,Colombia,2019,36968
1227,Tonga,2019,36.76
1228,Mauritania,2019,3603
1229,Georgia,2019,3605
1230,Papua New Guinea,2019,3607
1231,Kenya,2019,3607
1232,Congo,2019,3616
1233,Honduras,2019,3620
1234,Lesotho,2019,3628
1235,Japan,2019,363756
1236,Barbados,2019,363.6
1237,Guinea-Bissau,2019,363.8
1238,Slovenia,2019,3632
1239,Peru,2019,3639
1240,Gambia,2019,364.3
1241,United Kingdom,2019,3667
1242,Guyana,2019,367.3
1243,Norway,2019,367.9
1244,Madagascar,2019,3687
1245,Cameroon,2019,3688
1246,Burundi,2019,3689
1247,Gambia,2019,369
1248,Uzbekistan,2019,3691
1249,Kazakhstan,2019,3697
1250,Malaysia,2019,37089
1251,Afghanistan,2019,37471
1252,Brazil,2019,37568
1253,Pakistan,2019,37892
1254,Iceland,2019,370.4
1255,Kyrgyzstan,2019,371.1
1256,"Micronesia, Federated States of",2019,371.7
1257,Guyana,2019,371.8
1258,Azerbaijan,2019,3723
1259,Mali,2019,3727
1260,Lithuania,2019,373.9
1261,Hungary,2019,3741
1262,Comoros,2019,375.3
1263,Haiti,2019,3751
1264,Namibia,2019,378.5
1265,Bulgaria,2019,3781
1266,Ukraine,2019,3788
1267,"Tanzania, United Republic of",2019,3793
1268,Sudan,2019,38223
1269,Saudi Arabia,2019,38233
1270,United States ,2019,38340
1271,Sudan,2019,38548
1272,Canada,2019,38614
1273,Mexico,2019,38678
1274,Egypt,2019,38774
1275,Indonesia,2019,38796
1276,"Congo, The Democratic Republic of the",2019,38857
1277,Nepal,2019,38954
1278,Antigua and Barbuda,2019,38.87
1279,Brazil,2019,381428
1280,Mali,2019,3819
1281,Ukraine,2019,382502
1282,Suriname,2019,383.9
1283,Tajikistan,2019,3847
1284,Barbados,2019,385.4
1285,Fiji,2019,385.5
1286,Switzerland,2019,3850
1287,Papua New Guinea,2019,3857
1288,Eswatini,2019,386.3
1289,Turkmenistan,2019,386.9
1290,Estonia,2019,3869
1291,Lithuania,2019,3870
1292,Zimbabwe,2019,3875
1293,Oman,2019,389.1
1294,Slovenia,2019,389.9
1295,Canada,2019,3891
1296,Syrian Arab Republic,2019,39037
1297,Russian Federation,2019,39475
1298,"Tanzania, United Republic of",2019,39528
1299,Maldives,2019,39.18
1300,Afghanistan,2019,3920
1301,Madagascar,2019,3922
1302,Belgium,2019,3924
1303,Zimbabwe,2019,3934
1304,Cyprus,2019,394
1305,Kiribati,2019,394.5
1306,Kenya,2019,3941
1307,Sierra Leone,2019,3942
1308,Malaysia,2019,3947
1309,United Arab Emirates,2019,395.5
1310,Guatemala,2019,3958
1311,Slovenia,2019,396
1312,Ireland,2019,3964
1313,Gambia,2019,398.9
1314,Paraguay,2019,3981
1315,Central African Republic,2019,3983
1316,Guinea-Bissau,2019,399
1317,Brunei Darussalam,2019,399.9
1318,Portugal,2019,3994
1319,Colombia,2019,3995
1320,China,2019,4306536
1321,Belarus,2019,40207
1322,Madagascar,2019,40465
1323,Cuba,2019,40556
1324,Japan,2019,403695
1325,Niger,2019,4039
1326,Bahamas,2019,404.1
1327,Latvia,2019,405.5
1328,Jordan,2019,406.4
1329,Congo,2019,406.5
1330,El Salvador,2019,4060
1331,Nicaragua,2019,4065
1332,Algeria,2019,4071
1333,Botswana,2019,4079
1334,Tunisia,2019,4095
1335,Uruguay,2019,4096
1336,"Korea, Democratic People's Republic of ",2019,41396
1337,Mexico,2019,41779
1338,Luxembourg,2019,41.48
1339,Tonga,2019,41.53
1340,Samoa,2019,41.57
1341,Kiribati,2019,41.81
1342,Bahamas,2019,410.2
1343,Jamaica,2019,410.3
1344,Cabo Verde,2019,411.8
1345,Chile,2019,4128
1346,"Bolivia, Plurinational State of",2019,4139
1347,Haiti,2019,4141
1348,Algeria,2019,4149
1349,"Moldova, Republic of",2019,4156
1350,El Salvador,2019,4159
1351,Timor-Leste,2019,416
1352,Mongolia,2019,4160
1353,South Sudan,2019,4162
1354,China,2019,417581
1355,Togo,2019,4177
1356,Australia,2019,42222
1357,Greece,2019,42272
1358,Ukraine,2019,42614
1359,South Africa,2019,42630
1360,Brazil,2019,42880
1361,Canada,2019,42952
1362,Nigeria,2019,42996
1363,Sao Tome and Principe,2019,42.56
1364,Cabo Verde,2019,42.59
1365,Samoa,2019,42.88
1366,Namibia,2019,420.1
1367,Ireland,2019,4205
1368,Eswatini,2019,421.5
1369,Turkmenistan,2019,4218
1370,Lebanon,2019,4220
1371,Zambia,2019,4223
1372,Libya,2019,423
1373,United States,2019,424576
1374,Belize,2019,424.9
1375,Serbia,2019,4242
1376,Chile,2019,4245
1377,Liberia,2019,4247
1378,Ghana,2019,4254
1379,South Sudan,2019,4263
1380,Comoros,2019,427
1381,Armenia,2019,427.7
1382,Cameroon,2019,4275
1383,Slovenia,2019,428.9
1384,Central African Republic,2019,4288
1385,Sudan,2019,4298
1386,Pakistan,2019,43084
1387,Spain,2019,43335
1388,Spain,2019,43552
1389,Viet Nam,2019,43606
1390,Mexico,2019,43932
1391,Kiribati,2019,43.77
1392,Luxembourg,2019,43.96
1393,Namibia,2019,430.3
1394,Yemen,2019,4300
1395,Turkmenistan,2019,431.2
1396,New Zealand,2019,431.3
1397,Saudi Arabia,2019,4311
1398,Guatemala,2019,4316
1399,Ireland,2019,4317
1400,Brunei Darussalam,2019,432.6
1401,Haiti,2019,4337
1402,Morocco,2019,4346
1403,Russian Federation,2019,435953
1404,Cote d'Ivoire,2019,4353
1405,Cameroon,2019,4359
1406,Angola,2019,4364
1407,Afghanistan,2019,4365
1408,Czechia,2019,4378
1409,Eritrea,2019,439.1
1410,Kyrgyzstan,2019,4390
1411,Rwanda,2019,4391
1412,Nepal,2019,4392
1413,Spain,2019,4392
1414,Portugal,2019,4392
1415,Cambodia,2019,4393
1416,Portugal,2019,4395
1417,Turkey,2019,44022
1418,Algeria,2019,44968
1419,Cabo Verde,2019,44.13
1420,Saint Vincent and the Grenadines,2019,44.18
1421,Maldives,2019,44.19
1422,Cambodia,2019,4400
1423,Mongolia,2019,4418
1424,Singapore,2019,4419
1425,Eswatini,2019,442
1426,Uruguay,2019,4437
1427,Saudi Arabia,2019,4438
1428,Slovakia,2019,445.7
1429,El Salvador,2019,4452
1430,Chile,2019,4464
1431,Niger,2019,4469
1432,United States,2019,448624
1433,Latvia,2019,448.6
1434,Pakistan,2019,449905
1435,"Korea, Republic of",2019,4499
1436,Viet Nam,2019,45070
1437,South Africa,2019,45163
1438,Viet Nam,2019,45193
1439,Bangladesh,2019,45434
1440,Mozambique,2019,45436
1441,Colombia,2019,45466
1442,India,2019,450444
1443,Malta,2019,450.6
1444,Botswana,2019,451.8
1445,Cote d'Ivoire,2019,4516
1446,Samoa,2019,452.6
1447,"Korea, Republic of",2019,4528
1448,Somalia,2019,4529
1449,Ghana,2019,4529
1450,Cabo Verde,2019,453.4
1451,Lithuania,2019,455.4
1452,Oman,2019,4551
1453,Jamaica,2019,4570
1454,Slovakia,2019,458.4
1455,Azerbaijan,2019,4587
1456,Barbados,2019,459.1
1457,Sudan,2019,4597
1458,Italy,2019,46151
1459,Uzbekistan,2019,46169
1460,Egypt,2019,46452
1461,Algeria,2019,46547
1462,United Kingdom,2019,46766
1463,Sao Tome and Principe,2019,46.04
1464,Seychelles,2019,46.16
1465,Tonga,2019,46.32
1466,Kuwait,2019,460.1
1467,Singapore,2019,460.3
1468,Angola,2019,4607
1469,"Bolivia, Plurinational State of",2019,4613
1470,Morocco,2019,4615
1471,Belarus,2019,462.3
1472,Montenegro,2019,4631
1473,Mozambique,2019,4634
1474,Albania,2019,4649
1475,Argentina,2019,4658
1476,Fiji,2019,466.6
1477,Poland,2019,4663
1478,Qatar,2019,467.3
1479,Lithuania,2019,4679
1480,Estonia,2019,4680
1481,"Venezuela, Bolivarian Republic of",2019,47034
1482,Netherlands,2019,47144
1483,Australia,2019,47617
1484,"Congo, The Democratic Republic of the",2019,47658
1485,Brazil,2019,47868
1486,Czechia,2019,47946
1487,Belize,2019,47.92
1488,India,2019,470111
1489,Congo,2019,471.9
1490,Senegal,2019,4717
1491,Turkmenistan,2019,472
1492,Iraq,2019,4731
1493,New Zealand,2019,4731
1494,Jordan,2019,4732
1495,"Moldova, Republic of",2019,474.4
1496,Austria,2019,4746
1497,Maldives,2019,475.9
1498,Uruguay,2019,4758
1499,Slovenia,2019,4762
1500,Bosnia and Herzegovina,2019,477.2
1501,Mauritania,2019,478.3
1502,Comoros,2019,478.6
1503,New Zealand,2019,4789
1504,Nicaragua,2019,4797
1505,Ethiopia,2019,48052
1506,Philippines,2019,48965
1507,Saint Vincent and the Grenadines,2019,48.12
1508,Lebanon,2019,481.7
1509,North Macedonia,2019,481.9
1510,Mongolia,2019,482.6
1511,New Zealand,2019,483.8
1512,Haiti,2019,4836
1513,North Macedonia,2019,484.3
1514,Gabon,2019,484.6
1515,Uruguay,2019,484.6
1516,Bahrain,2019,484.8
1517,Papua New Guinea,2019,4851
1518,Lebanon,2019,4858
1519,Bahamas,2019,486.4
1520,North Macedonia,2019,4869
1521,Guinea-Bissau,2019,487
1522,Ireland,2019,4876
1523,Belgium,2019,4887
1524,Argentina,2019,49233
1525,United States,2019,49433
1526,"Korea, Democratic People's Republic of ",2019,49487
1527,Argentina,2019,49553
1528,Poland,2019,49899
1529,Tonga,2019,49.71
1530,Saint Lucia,2019,491.2
1531,Yemen,2019,4910
1532,Greece,2019,4912
1533,Norway,2019,4923
1534,Gabon,2019,493.4
1535,Greece,2019,4941
1536,Saudi Arabia,2019,4943
1537,New Zealand,2019,4954
1538,Nicaragua,2019,4962
1539,Australia,2019,4978
1540,Armenia,2019,499.6
1541,Bhutan,2019,499.7
1542,Oman,2019,499.8
1543,Ethiopia,2019,50022
1544,Ethiopia,2019,50326
1545,"Congo, The Democratic Republic of the",2019,50924
1546,Uzbekistan,2019,50972
1547,Slovakia,2019,500.1
1548,Burundi,2019,5005
1549,Jordan,2019,5007
1550,Bosnia and Herzegovina,2019,5012
1551,Iraq,2019,5031
1552,Uruguay,2019,5038
1553,Cabo Verde,2019,504.8
1554,Czechia,2019,5059
1555,"Tanzania, United Republic of",2019,5065
1556,Albania,2019,508
1557,Djibouti,2019,508.1
1558,Singapore,2019,5085
1559,Israel,2019,5088
1560,Mauritania,2019,509.4
1561,Myanmar,2019,51041
1562,Azerbaijan,2019,51281
1563,Philippines,2019,51523
1564,Romania,2019,51727
1565,Thailand,2019,51941
1566,Saint Lucia,2019,51.7
1567,Suriname,2019,51.86
1568,Armenia,2019,5105
1569,Guatemala,2019,5106
1570,Equatorial Guinea,2019,512.4
1571,Botswana,2019,512.4
1572,Libya,2019,514.4
1573,Israel,2019,5140
1574,Angola,2019,5143
1575,Togo,2019,5144
1576,Uganda,2019,5145
1577,Costa Rica,2019,5146
1578,Liberia,2019,515.1
1579,Guinea,2019,5151
1580,Burundi,2019,5154
1581,Madagascar,2019,5154
1582,Paraguay,2019,5173
1583,Dominican Republic,2019,5176
1584,Libya,2019,5188
1585,Uruguay,2019,519.1
1586,Yemen,2019,52644
1587,Bahamas,2019,52.67
1588,Guatemala,2019,5215
1589,Somalia,2019,5226
1590,Denmark,2019,5237
1591,Kazakhstan,2019,5238
1592,Malaysia,2019,5240
1593,Montenegro,2019,525.7
1594,Qatar,2019,526.2
1595,Vanuatu,2019,527.6
1596,Norway,2019,5272
1597,Cote d'Ivoire,2019,5273
1598,India,2019,528837
1599,Liberia,2019,528.9
1600,Ukraine,2019,53329
1601,Japan,2019,53920
1602,Grenada,2019,53.38
1603,Barbados,2019,53.61
1604,Qatar,2019,53.99
1605,Bhutan,2019,530.8
1606,Equatorial Guinea,2019,531.1
1607,"Moldova, Republic of",2019,531.3
1608,Botswana,2019,531.4
1609,Spain,2019,5315
1610,Gabon,2019,532.3
1611,New Zealand,2019,5328
1612,"Bolivia, Plurinational State of",2019,5333
1613,Eritrea,2019,534.7
1614,"Korea, Democratic People's Republic of ",2019,5341
1615,Libya,2019,535.4
1616,Armenia,2019,535.8
1617,Rwanda,2019,5350
1618,Jamaica,2019,5355
1619,Timor-Leste,2019,536
1620,Bahrain,2019,537.3
1621,Ireland,2019,539.8
1622,Germany,2019,54060
1623,"Korea, Republic of",2019,54851
1624,Thailand,2019,54982
1625,Norway,2019,5404
1626,Argentina,2019,5408
1627,Luxembourg,2019,542.2
1628,Sierra Leone,2019,5431
1629,Mozambique,2019,5432
1630,Paraguay,2019,5436
1631,Morocco,2019,5439
1632,Central African Republic,2019,544.5
1633,Afghanistan,2019,5448
1634,Barbados,2019,545.7
1635,Spain,2019,55111
1636,Mexico,2019,55706
1637,Brunei Darussalam,2019,55.39
1638,Jamaica,2019,550.3
1639,Yemen,2019,5500
1640,"Congo, The Democratic Republic of the",2019,5507
1641,Kyrgyzstan,2019,551.7
1642,Malawi,2019,5516
1643,Libya,2019,5530
1644,Dominican Republic,2019,5540
1645,Serbia,2019,5548
1646,Malta,2019,556.1
1647,Sweden,2019,5584
1648,South Africa,2019,56845
1649,Kiribati,2019,56.53
1650,Qatar,2019,561.4
1651,Ghana,2019,5638
1652,"Bolivia, Plurinational State of",2019,5646
1653,Poland,2019,5664
1654,Russian Federation,2019,567742
1655,Lebanon,2019,568.9
1656,Finland,2019,569.7
1657,Sierra Leone,2019,569.8
1658,Mexico,2019,57771
1659,Grenada,2019,57.07
1660,"Micronesia, Federated States of",2019,57.44
1661,Uganda,2019,5734
1662,South Sudan,2019,574.5
1663,Netherlands,2019,5755
1664,"Iran, Islamic Republic of",2019,5783
1665,Netherlands,2019,5784
1666,Chad,2019,5792
1667,Bangladesh,2019,58281
1668,Myanmar,2019,58480
1669,Brunei Darussalam,2019,58.16
1670,Cabo Verde,2019,58.41
1671,Lesotho,2019,581.3
1672,Panama,2019,5821
1673,Cote d'Ivoire,2019,5825
1674,Georgia,2019,583.4
1675,Angola,2019,5841
1676,Guinea,2019,5845
1677,Rwanda,2019,5852
1678,Benin,2019,5869
1679,Croatia,2019,5884
1680,Lao People's Democratic Republic,2019,5896
1681,Serbia,2019,59307
1682,Thailand,2019,59825
1683,Samoa,2019,59.51
1684,Maldives,2019,59.51
1685,Maldives,2019,59.58
1686,Haiti,2019,5903
1687,Israel,2019,5904
1688,Eritrea,2019,592.5
1689,Eritrea,2019,593
1690,Eswatini,2019,593.7
1691,Burkina Faso,2019,5939
1692,Mongolia,2019,5950
1693,China,2019,596040
1694,Pakistan,2019,60279
1695,Saudi Arabia,2019,60291
1696,Kazakhstan,2019,60291
1697,Myanmar,2019,60712
1698,Morocco,2019,60732
1699,Poland,2019,60805
1700,"Micronesia, Federated States of",2019,60.25
1701,Finland,2019,6000
1702,Australia,2019,6004
1703,Eswatini,2019,601.9
1704,Mali,2019,6024
1705,Namibia,2019,603
1706,Namibia,2019,603
1707,Luxembourg,2019,603.7
1708,Papua New Guinea,2019,6041
1709,Cambodia,2019,6049
1710,Peru,2019,6055
1711,Costa Rica,2019,6057
1712,Lao People's Democratic Republic,2019,6059
1713,Latvia,2019,607.9
1714,Jordan,2019,6075
1715,Latvia,2019,6080
1716,Senegal,2019,6091
1717,Honduras,2019,6098
1718,"Iran, Islamic Republic of",2019,61063
1719,Comoros,2019,61.05
1720,Antigua and Barbuda,2019,61.67
1721,Cambodia,2019,6112
1722,United Arab Emirates,2019,6121
1723,Congo,2019,614.2
1724,Mauritius,2019,614.9
1725,Tunisia,2019,6150
1726,Norway,2019,6152
1727,Eritrea,2019,6161
1728,India,2019,617534
1729,United States,2019,617651
1730,Saudi Arabia,2019,6176
1731,Cameroon,2019,6185
1732,Togo,2019,619
1733,Oman,2019,619.3
1734,Denmark,2019,6196
1735,Hungary,2019,62095
1736,Spain,2019,62825
1737,Iraq,2019,62913
1738,Tonga,2019,62.01
1739,"Micronesia, Federated States of",2019,62.8
1740,Vanuatu,2019,62.86
1741,Romania,2019,6210
1742,Israel,2019,6249
1743,Armenia,2019,6264
1744,South Sudan,2019,6275
1745,Mali,2019,6289
1746,Congo,2019,629.3
1747,Malaysia,2019,63587
1748,Vanuatu,2019,63.05
1749,Iceland,2019,63.75
1750,Bhutan,2019,630.5
1751,Bulgaria,2019,6304
1752,Ecuador,2019,6305
1753,Cuba,2019,6308
1754,Georgia,2019,6312
1755,Congo,2019,6323
1756,Trinidad and Tobago,2019,634.2
1757,Cyprus,2019,636
1758,Botswana,2019,637.1
1759,Bahrain,2019,639.6
1760,Iceland,2019,639.7
1761,Bangladesh,2019,64005
1762,Pakistan,2019,64049
1763,"Korea, Republic of",2019,64351
1764,Indonesia,2019,64721
1765,Trinidad and Tobago,2019,64.45
1766,Congo,2019,641.3
1767,Lithuania,2019,641.7
1768,Malawi,2019,6421
1769,Burundi,2019,6422
1770,Slovakia,2019,6426
1771,Oman,2019,643.4
1772,Luxembourg,2019,644.5
1773,France,2019,6446
1774,Slovenia,2019,6448
1775,Suriname,2019,646.1
1776,Lao People's Democratic Republic,2019,6468
1777,Albania,2019,647.3
1778,Singapore,2019,647.7
1779,Indonesia,2019,65498
1780,Morocco,2019,65830
1781,Kyrgyzstan,2019,650.6
1782,Ukraine,2019,6503
1783,Morocco,2019,6505
1784,France,2019,6511
1785,Panama,2019,652.7
1786,Malta,2019,652.9
1787,Denmark,2019,6583
1788,Argentina,2019,66079
1789,Thailand,2019,66206
1790,Spain,2019,66393
1791,"Iran, Islamic Republic of",2019,66793
1792,Romania,2019,66940
1793,Antigua and Barbuda,2019,66.52
1794,Equatorial Guinea,2019,660.5
1795,Australia,2019,6603
1796,Lesotho,2019,6611
1797,Russian Federation,2019,6619
1798,Denmark,2019,662.3
1799,Eritrea,2019,663.1
1800,Panama,2019,663.7
1801,Peru,2019,6643
1802,"Venezuela, Bolivarian Republic of",2019,6666
1803,Lithuania,2019,668.8
1804,Turkey,2019,67006
1805,France,2019,67775
1806,Montenegro,2019,67.31
1807,Sao Tome and Principe,2019,67.5
1808,Belize,2019,67.58
1809,Benin,2019,6702
1810,Brunei Darussalam,2019,672.5
1811,Latvia,2019,6738
1812,Papua New Guinea,2019,6787
1813,Gambia,2019,679.4
1814,Guyana,2019,679.6
1815,Bulgaria,2019,68884
1816,Syrian Arab Republic,2019,6803
1817,Costa Rica,2019,681.5
1818,Finland,2019,681.8
1819,Luxembourg,2019,682.4
1820,Canada,2019,6821
1821,Finland,2019,6824
1822,Armenia,2019,6826
1823,Madagascar,2019,6828
1824,Kyrgyzstan,2019,6828
1825,Cyprus,2019,684.2
1826,Jordan,2019,684.3
1827,Norway,2019,684.4
1828,Guyana,2019,685
1829,"Bolivia, Plurinational State of",2019,6886
1830,Philippines,2019,69011
1831,Nigeria,2019,69128
1832,United Kingdom,2019,69277
1833,Indonesia,2019,69864
1834,Saint Lucia,2019,69.1
1835,Kenya,2019,6901
1836,Switzerland,2019,692.5
1837,Syrian Arab Republic,2019,6939
1838,Indonesia,2019,696586
1839,Honduras,2019,6960
1840,Ghana,2019,6977
1841,Mauritius,2019,698
1842,"Moldova, Republic of",2019,6982
1843,Iceland,2019,699.1
1844,Canada,2019,70202
1845,Brazil,2019,70780
1846,Malta,2019,700
1847,Zimbabwe,2019,7002
1848,North Macedonia,2019,703.3
1849,Sri Lanka,2019,7031
1850,Algeria,2019,7032
1851,Zambia,2019,7039
1852,Hungary,2019,7044
1853,North Macedonia,2019,706.5
1854,Kenya,2019,7062
1855,Japan,2019,7067
1856,Namibia,2019,709.2
1857,Afghanistan,2019,71264
1858,Tonga,2019,71.39
1859,Barbados,2019,71.85
1860,Suriname,2019,712.8
1861,Mozambique,2019,7126
1862,Ecuador,2019,7137
1863,Kyrgyzstan,2019,7146
1864,Paraguay,2019,715.1
1865,Qatar,2019,715.5
1866,Lebanon,2019,7151
1867,Mauritius,2019,716.9
1868,Chad,2019,7163
1869,Colombia,2019,7171
1870,Cameroon,2019,7175
1871,United Kingdom,2019,7181
1872,Algeria,2019,7186
1873,Poland,2019,7188
1874,Benin,2019,7189
1875,Libya,2019,719.2
1876,Switzerland,2019,719.6
1877,Nigeria,2019,72034
1878,Viet Nam,2019,72156
1879,Seychelles,2019,72.1
1880,Samoa,2019,72.72
1881,Saudi Arabia,2019,7203
1882,Niger,2019,7217
1883,Uzbekistan,2019,7223
1884,"Venezuela, Bolivarian Republic of",2019,7224
1885,Mauritius,2019,723.5
1886,Central African Republic,2019,724.7
1887,Panama,2019,725.8
1888,Belarus,2019,73177
1889,Colombia,2019,73544
1890,"Micronesia, Federated States of",2019,73.11
1891,Antigua and Barbuda,2019,73.28
1892,Zimbabwe,2019,7300
1893,Ethiopia,2019,7302
1894,South Sudan,2019,731
1895,Sierra Leone,2019,732.3
1896,Togo,2019,735.2
1897,Sudan,2019,7350
1898,"Tanzania, United Republic of",2019,7355
1899,"Korea, Republic of",2019,7379
1900,Bulgaria,2019,7382
1901,Ghana,2019,7394
1902,Saint Vincent and the Grenadines,2019,74.18
1903,Vanuatu,2019,74.48
1904,Suriname,2019,74.67
1905,Montenegro,2019,740.2
1906,North Macedonia,2019,7405
1907,Malaysia,2019,7409
1908,Iraq,2019,7409
1909,Panama,2019,743
1910,Papua New Guinea,2019,7464
1911,Barbados,2019,748.9
1912,Ecuador,2019,7503
1913,Chad,2019,7504
1914,Bulgaria,2019,752.3
1915,Bhutan,2019,753
1916,Malawi,2019,7547
1917,United Arab Emirates,2019,7579
1918,Burundi,2019,758.4
1919,Fiji,2019,759.1
1920,Iraq,2019,7594
1921,Japan,2019,76008
1922,United Kingdom,2019,76562
1923,United Kingdom,2019,76721
1924,Italy,2019,76735
1925,Sudan,2019,76772
1926,Botswana,2019,760.5
1927,Costa Rica,2019,760.6
1928,Sudan,2019,7646
1929,Lebanon,2019,765.5
1930,Madagascar,2019,7651
1931,Gabon,2019,767.4
1932,Mauritania,2019,768.4
1933,Nepal,2019,7699
1934,Poland,2019,77196
1935,Nigeria,2019,77499
1936,Romania,2019,77546
1937,Bahrain,2019,77.07
1938,"Micronesia, Federated States of",2019,77.12
1939,Kiribati,2019,77.39
1940,Rwanda,2019,7707
1941,Estonia,2019,7727
1942,Denmark,2019,7728
1943,Senegal,2019,7729
1944,"Venezuela, Bolivarian Republic of",2019,7745
1945,Solomon Islands,2019,775.2
1946,Congo,2019,775.7
1947,Afghanistan,2019,7756
1948,Turkmenistan,2019,7775
1949,Belgium,2019,779.7
1950,Guinea-Bissau,2019,779.9
1951,Turkey,2019,78248
1952,Pakistan,2019,78616
1953,France,2019,78674
1954,Saint Vincent and the Grenadines,2019,78.6
1955,Afghanistan,2019,7809
1956,Lebanon,2019,783.2
1957,Trinidad and Tobago,2019,784.3
1958,Oman,2019,7848
1959,Bosnia and Herzegovina,2019,785.2
1960,Sierra Leone,2019,785.9
1961,Costa Rica,2019,788.2
1962,Sri Lanka,2019,7882
1963,Zambia,2019,7882
1964,Croatia,2019,7891
1965,Singapore,2019,7898
1966,Comoros,2019,79.87
1967,Botswana,2019,791.1
1968,Sri Lanka,2019,7919
1969,Malawi,2019,7926
1970,Tajikistan,2019,793.5
1971,Slovenia,2019,7972
1972,Mozambique,2019,7977
1973,Mauritania,2019,799.7
1974,France,2019,80849
1975,Pakistan,2019,80976
1976,Togo,2019,800.6
1977,Senegal,2019,8016
1978,Uzbekistan,2019,8028
1979,Belarus,2019,8037
1980,Central African Republic,2019,806.5
1981,Afghanistan,2019,8060
1982,North Macedonia,2019,8067
1983,Armenia,2019,808.4
1984,Namibia,2019,808.8
1985,Malaysia,2019,8089
1986,Guatemala,2019,8094
1987,Canada,2019,81565
1988,Comoros,2019,81.39
1989,Saint Lucia,2019,81.67
1990,Cabo Verde,2019,81.76
1991,Suriname,2019,811.6
1992,Djibouti,2019,817.3
1993,Djibouti,2019,82.14
1994,Vanuatu,2019,82.79
1995,Bahrain,2019,820.4
1996,El Salvador,2019,8219
1997,Japan,2019,8238
1998,Croatia,2019,824.2
1999,Slovenia,2019,824.9
2000,Slovakia,2019,8245
2001,Thailand,2019,8270
2002,Central African Republic,2019,8271
2003,Ireland,2019,8281
2004,Afghanistan,2019,8285
2005,Albania,2019,8288
2006,Belize,2019,83.03
2007,Maldives,2019,83.37
2008,Azerbaijan,2019,8310
2009,Lesotho,2019,832.7
2010,Somalia,2019,8335
2011,Kuwait,2019,834.5
2012,Georgia,2019,834.8
2013,Singapore,2019,8356
2014,Guatemala,2019,8372
2015,Chile,2019,8373
2016,Switzerland,2019,8381
2017,Portugal,2019,8386
2018,Ghana,2019,8387
2019,Sri Lanka,2019,8389
2020,Samoa,2019,84.44
2021,Kiribati,2019,84.48
2022,Saint Lucia,2019,84.78
2023,Vanuatu,2019,84.82
2024,Iceland,2019,84.88
2025,Bosnia and Herzegovina,2019,8407
2026,Liberia,2019,841.1
2027,South Sudan,2019,8424
2028,"Moldova, Republic of",2019,848.1
2029,Turkmenistan,2019,8484
2030,Egypt,2019,85226
2031,Mexico,2019,85711
2032,Comoros,2019,85.19
2033,Luxembourg,2019,85.44
2034,Kiribati,2019,85.58
2035,Somalia,2019,8542
2036,Lithuania,2019,8549
2037,Guinea,2019,8551
2038,South Africa,2019,8558
2039,Slovakia,2019,8578
2040,Vanuatu,2019,858.8
2041,Saint Lucia,2019,86.6
2042,Cabo Verde,2019,86.73
2043,Honduras,2019,862.2
2044,Uzbekistan,2019,8624
2045,Dominican Republic,2019,863
2046,Tajikistan,2019,864.2
2047,Denmark,2019,8646
2048,Cabo Verde,2019,865.2
2049,Bulgaria,2019,866
2050,Denmark,2019,868.8
2051,Samoa,2019,87
2052,United States,2019,87774
2053,South Africa,2019,87794
2054,Tonga,2019,87.85
2055,Central African Republic,2019,870.3
2056,Ethiopia,2019,8709
2057,Malawi,2019,871.1
2058,Egypt,2019,8711
2059,United States,2019,873200
2060,Belgium,2019,873.9
2061,Tajikistan,2019,875.7
2062,Papua New Guinea,2019,8761
2063,Congo,2019,878.3
2064,Fiji,2019,878.4
2065,Zambia,2019,8786
2066,Turkey,2019,88468
2067,United Kingdom,2019,88983
2068,"Korea, Republic of",2019,88997
2069,Sao Tome and Principe,2019,88.6
2070,Maldives,2019,88.67
2071,Malta,2019,88.69
2072,Qatar,2019,88.88
2073,Honduras,2019,8800
2074,Fiji,2019,881.5
2075,Belgium,2019,8810
2076,Uruguay,2019,8853
2077,El Salvador,2019,889.3
2078,Mexico,2019,89330
2079,Kiribati,2019,89.58
2080,Kuwait,2019,89.87
2081,Bahamas,2019,890.5
2082,Costa Rica,2019,891.2
2083,Kazakhstan,2019,8935
2084,"Iran, Islamic Republic of",2019,8940
2085,Burundi,2019,896.3
2086,Mali,2019,8968
2087,Lesotho,2019,897
2088,Bosnia and Herzegovina,2019,8986
2089,"Iran, Islamic Republic of",2019,90226
2090,Brazil,2019,90747
2091,"Korea, Democratic People's Republic of ",2019,90882
2092,Samoa,2019,90.36
2093,South Sudan,2019,900
2094,"Iran, Islamic Republic of",2019,9008
2095,"Korea, Republic of",2019,9027
2096,Turkmenistan,2019,903.2
2097,Comoros,2019,905.6
2098,Slovakia,2019,9060
2099,Turkey,2019,9067
2100,Belarus,2019,907.1
2101,Slovakia,2019,907.6
2102,Lebanon,2019,9078
2103,Ireland,2019,9080
2104,Algeria,2019,91515
2105,Malta,2019,91.38
2106,Grenada,2019,91.83
2107,Belize,2019,91.96
2108,Togo,2019,910.2
2109,Bahrain,2019,912.5
2110,Djibouti,2019,912.8
2111,China,2019,915012
2112,New Zealand,2019,915.1
2113,Cyprus,2019,915.8
2114,Paraguay,2019,9153
2115,Central African Republic,2019,916.8
2116,Haiti,2019,9173
2117,Guatemala,2019,9173
2118,Bahamas,2019,92.23
2119,Tonga,2019,92.78
2120,India,2019,920555
2121,Yemen,2019,9210
2122,Qatar,2019,925.9
2123,Sierra Leone,2019,928.4
2124,Finland,2019,9317
2125,Togo,2019,9321
2126,Sierra Leone,2019,9373
2127,Ecuador,2019,9378
2128,Sao Tome and Principe,2019,94
2129,Zambia,2019,940.5
2130,Guatemala,2019,9422
2131,Lithuania,2019,9437
2132,Eswatini,2019,945.3
2133,Slovakia,2019,945.8
2134,Burkina Faso,2019,9452
2135,Georgia,2019,947.7
2136,Uruguay,2019,9475
2137,Tajikistan,2019,949.7
2138,Poland,2019,95638
2139,Ukraine,2019,95943
2140,Italy,2019,95989
2141,Saint Vincent and the Grenadines,2019,95.76
2142,Uganda,2019,9505
2143,Burkina Faso,2019,9506
2144,Burkina Faso,2019,9511
2145,Syrian Arab Republic,2019,952.9
2146,Libya,2019,958.5
2147,Finland,2019,9583
2148,Estonia,2019,96.24
2149,Trinidad and Tobago,2019,961.7
2150,Armenia,2019,963.5
2151,"Iran, Islamic Republic of",2019,9632
2152,Georgia,2019,968
2153,Croatia,2019,9689
2154,Uzbekistan,2019,97141
2155,Germany,2019,97731
2156,Spain,2019,9707
2157,Timor-Leste,2019,971.4
2158,Lesotho,2019,971.6
2159,Fiji,2019,973.6
2160,Switzerland,2019,9734
2161,Jordan,2019,9739
2162,New Zealand,2019,9743
2163,Nicaragua,2019,9759
2164,Iraq,2019,9762
2165,Croatia,2019,977.8
2166,Romania,2019,9786
2167,Lao People's Democratic Republic,2019,979.4
2168,Canada,2019,9793
2169,Ethiopia,2019,98378
2170,"Congo, The Democratic Republic of the",2019,98582
2171,Mexico,2019,98630
2172,Argentina,2019,98785
2173,Italy,2019,98803
2174,Equatorial Guinea,2019,98.9
2175,Kuwait,2019,980.5
2176,Germany,2019,9806
2177,Bulgaria,2019,9829
2178,Lao People's Democratic Republic,2019,984.7
2179,Mali,2019,9842
2180,Greece,2019,9853
2181,South Sudan,2019,988.7
2182,Jamaica,2019,989.4
2183,Ethiopia,2019,9897
2184,Guyana,2019,99.01
2185,Timor-Leste,2019,99.53
2186,Seychelles,2019,99.63
2187,"Congo, The Democratic Republic of the",2019,9903
2188,,2019,9929
2189,Colombia,2019,9937
2190,Guinea,2019,994.8
2191,Poland,2019,9949
2192,Mozambique,2019,9974
2193,Liberia,2019,998.2
2194,Guinea-Bissau,2019,998.8
2195,Austria,2019,9983
2196,Nicaragua,2019,999.4
